session,topology,N,density,strain_length,stress_area,eps_max,excluded,W_eps0.1,SEA_eps0.1,W_eps0.25,SEA_eps0.25,W_eps0.5,SEA_eps0.5
NS4,AFCC,1,0.213061,5,25,0.599934,False,0.258858,1.21495,0.672603,3.15686,1.27215,5.97085
NS3_baseline,AFCC,1,0.211946,5,25,0.60158,False,0.232205,1.09559,0.563689,2.65959,1.03669,4.89132
NS4,AFCC,2,0.21306,10,100,0.599689,False,0.268656,1.26094,0.787121,3.69436,1.66464,7.81301
NS3_baseline,AFCC,2,0.211946,10,100,0.600732,False,0.255883,1.2073,0.735879,3.47202,1.54524,7.29073
NS4,AFCC,3,0.213061,15,225,0.599451,False,0.268198,1.25878,0.814985,3.82513,1.73565,8.14628
NS3_baseline,AFCC,3,0.211947,15,225,0.604805,False,0.25823,1.21837,0.769957,3.63278,1.63523,7.71531
NS4,AFCC,4,0.213061,20,400,0.599265,False,0.266865,1.25253,0.818375,3.84104,1.78901,8.3967
NS3_baseline,AFCC,4,0.211947,20,400,0.60005,False,0.263473,1.24311,0.814535,3.84311,1.77248,8.36284
NS4,AFCC,5,0.21306,25,625,0.5998,False,0.266431,1.2505,0.825857,3.87618,1.79683,8.43344
NS3_baseline,AFCC,5,0.211946,25,625,0.600788,False,0.26313,1.24149,0.821393,3.87548,1.78538,8.42376
NS4,Auxetic,1,0.258474,5,25,0.599856,False,0.415274,1.60663,1.30924,5.06527,3.15292,12.1982
NS4,Auxetic,2,0.258475,10,100,0.600355,False,0.463921,1.79484,1.36776,5.29165,3.20605,12.4037
NS3_baseline,Auxetic,2,0.212418,10,100,0.600076,False,0.363613,1.71178,0.812336,3.82423,1.5571,7.33035
NS2_orig6,Auxetic,2,0.212418,10,100,0.600076,False,0.363613,1.71178,0.812336,3.82423,1.5571,7.33035
NS4,Auxetic,3,0.258475,15,225,0.600299,False,0.478663,1.85187,1.27016,4.91406,2.78833,10.7876
NS3_baseline,Auxetic,3,0.212418,15,225,0.600777,False,0.312031,1.46895,0.64101,3.01769,1.25152,5.89177
NS2_orig6,Auxetic,3,0.212418,15,225,0.600777,False,0.312031,1.46895,0.64101,3.01769,1.25152,5.89177
NS4,Auxetic,4,0.258475,20,400,0.599675,False,0.477071,1.84572,1.14943,4.44698,2.587,10.0087
NS3_baseline,Auxetic,4,0.212418,20,400,0.600615,False,0.239265,1.12639,0.468478,2.20545,1.05764,4.97903
NS2_orig6,Auxetic,4,0.212418,20,400,0.600615,False,0.239265,1.12639,0.468478,2.20545,1.05764,4.97903
NS4,Auxetic,5,0.258476,25,625,0.559396,False,0.469323,1.81574,1.11713,4.32199,2.54567,9.8488
NS3_baseline,Auxetic,5,0.212419,25,625,0.596136,False,0.212447,1.00013,0.421904,1.98619,1.0034,4.72367
NS2_orig6,Auxetic,5,0.212419,25,625,0.596136,False,0.212447,1.00013,0.421904,1.98619,1.0034,4.72367
NS4,BCC,1,0.178465,5,25,0.600136,False,0.185409,1.03891,0.629031,3.52468,1.33694,7.49133
NS4,BCC,2,0.178464,10,100,0.599577,False,0.101659,0.569636,0.346832,1.94343,0.974185,5.45872
NS3_baseline,BCC,2,0.178464,10,100,0.599844,False,0.101706,0.569896,0.34748,1.94706,0.975696,5.46719
NS2_orig6,BCC,2,0.178464,10,100,0.599671,False,0.0969718,0.543369,0.327852,1.83708,0.922443,5.16879
NS4,BCC,3,0.178464,15,225,0.599481,False,0.0910923,0.510424,0.323544,1.81294,0.873467,4.89436
NS2_orig6,BCC,3,0.178464,15,225,0.599379,False,0.0866088,0.485301,0.304635,1.70698,0.830025,4.65093
NS4,BCC,4,0.178464,20,400,0.599895,False,0.0858066,0.480806,0.310317,1.73882,0.818104,4.58414
NS3_baseline,BCC,4,0.178464,20,400,0.60022,False,0.0858568,0.481087,0.310424,1.73942,0.814053,4.56144
NS2_orig6,BCC,4,0.178464,20,400,0.572635,False,0.0816335,0.457423,0.292999,1.64178,0.776045,4.34847
NS4,BCC,5,0.178464,25,625,0.601328,False,0.0833372,0.466969,0.303275,1.69936,0.79022,4.4279
NS2_orig6,BCC,5,0.178464,25,625,0.58422,False,0.0791357,0.443426,0.285829,1.60161,0.748172,4.19228
NS4,BCCZ,1,0.199889,5,25,0.600148,False,0.302978,1.51573,0.937727,4.69123,1.91426,9.57662
NS3_baseline,BCCZ,1,0.199889,5,25,0.600784,False,0.28071,1.40433,0.846151,4.2331,1.71086,8.55902
NS4,BCCZ,2,0.19989,10,100,0.599637,False,0.239626,1.19879,0.763279,3.8185,1.84964,9.25329
NS3_baseline,BCCZ,2,0.19989,10,100,0.599843,False,0.239558,1.19845,0.763826,3.82124,1.85893,9.29979
NS4,BCCZ,3,0.19989,15,225,0.482135,False,0.233222,1.16675,0.756506,3.78462,,
NS3_baseline,BCCZ,3,0.19989,15,225,0.599699,False,0.233449,1.16789,0.757538,3.78978,1.83519,9.18099
NS4,BCCZ,4,0.19989,20,400,0.599875,False,0.230939,1.15533,0.763762,3.82091,1.85105,9.26035
NS3_baseline,BCCZ,4,0.19989,20,400,0.600035,False,0.230794,1.1546,0.76414,3.8228,1.8617,9.31359
NS4,BCCZ,5,0.19989,25,625,0.415048,False,0.229482,1.14804,0.761826,3.81122,,
NS3_baseline,BCCZ,5,0.19989,25,625,0.59992,False,0.229732,1.14929,0.770725,3.85574,1.88362,9.42325
NS4,CBCC,1,0.242739,5,25,0.600256,True,0.320215,1.31918,0.99493,4.09877,2.02884,8.35814
NS3_baseline,CBCC,1,0.242739,5,25,0.599954,True,0.298652,1.23034,0.908578,3.74303,1.83267,7.54996
NS4,CBCC,2,0.242739,10,100,0.599594,True,0.289156,1.19122,0.908685,3.74347,2.11504,8.71324
NS3_baseline,CBCC,2,0.242739,10,100,0.600741,True,0.273887,1.12832,0.832762,3.43069,1.95399,8.04978
NS4,CBCC,3,0.242739,15,225,0.599381,True,0.284957,1.17392,0.918963,3.78581,2.14571,8.83958
NS3_baseline,CBCC,3,0.242739,15,225,0.599135,True,0.284441,1.1718,0.819786,3.37724,1.71766,7.07619
NS4,CBCC,4,0.242739,20,400,0.508905,True,0.28331,1.16714,0.926192,3.81559,2.18144,8.98677
NS3_baseline,CBCC,4,0.242739,20,400,0.598375,True,0.283257,1.16692,0.83284,3.43102,1.74026,7.16929
NS4,CBCC,5,0.242739,25,625,0.529876,True,0.282678,1.16454,0.931337,3.83679,2.21048,9.10642
NS4,Cubic,1,0.0829342,5,25,0.60001,True,0.101431,1.22303,0.256311,3.09054,0.451423,5.44314
NS3_baseline,Cubic,1,0.0829342,5,25,0.600092,True,0.0856584,1.03285,0.197996,2.38739,0.341422,4.11679
NS4,Cubic,2,0.0829351,10,100,0.599831,True,0.0644343,0.776924,0.128651,1.55123,0.216704,2.61293
NS3_baseline,Cubic,2,0.0829355,10,100,0.598111,True,0.058769,0.708611,0.117577,1.41769,0.197227,2.37808
NS4,Cubic,3,0.0829358,15,225,0.599827,True,0.0616842,0.743759,0.124088,1.4962,0.216486,2.61029
NS3_baseline,Cubic,3,0.0829358,15,225,0.597427,True,0.0573082,0.690994,0.116646,1.40646,0.21869,2.63686
NS4,Cubic,4,0.0829358,20,400,0.60051,True,0.0592027,0.713837,0.119662,1.44283,0.234092,2.82256
NS3_baseline,Cubic,4,0.0829358,20,400,0.597545,True,0.0557291,0.671955,0.113579,1.36948,0.224518,2.70713
NS4,Cubic,5,0.0829359,25,625,0.60064,True,0.0576607,0.695244,0.12555,1.51382,0.229025,2.76147
NS3_baseline,Cubic,5,0.0829359,25,625,0.59938,True,0.0579842,0.699144,0.11849,1.4287,0.238115,2.87108
NS4,CubicRosette,1,0.213555,5,25,0.600036,False,0.105077,0.492037,0.331615,1.55283,0.703682,3.29509
NS3_baseline,CubicRosette,1,0.204754,5,25,0.600212,False,0.08865,0.432958,0.294433,1.43798,0.626898,3.06171
NS4,CubicRosette,2,0.213552,10,100,0.600374,False,0.201835,0.945134,0.652519,3.05555,1.49877,7.01827
NS3_baseline,CubicRosette,2,0.204755,10,100,0.600219,False,0.179502,0.876667,0.565207,2.76041,1.23353,6.02444
NS4,CubicRosette,3,0.213547,15,225,0.599557,False,0.229115,1.0729,0.745807,3.49246,1.74331,8.16357
NS3_baseline,CubicRosette,3,0.204755,15,225,0.594119,False,0.205403,1.00316,0.653854,3.19335,1.43638,7.01512
NS4,CubicRosette,4,0.213543,20,400,0.59838,False,0.243167,1.13873,0.793686,3.71675,1.8242,8.54257
NS3_baseline,CubicRosette,4,0.204753,20,400,0.6008,False,0.219439,1.07172,0.697716,3.40759,1.54056,7.524
NS4,CubicRosette,5,0.213547,25,625,0.435632,False,0.252182,1.18092,0.826201,3.86895,,
NS3_baseline,CubicRosette,5,0.204757,25,625,0.598828,False,0.227909,1.11307,0.73679,3.59837,1.63991,8.00904
NS4,Cuboctahedron_Z,1,0.397824,5,25,0.600128,False,0.729852,1.83461,2.46476,6.19562,6.15118,15.4621
NS3_baseline,Cuboctahedron_Z,1,0.397824,5,25,0.599752,False,0.719588,1.80881,2.42098,6.08556,5.97402,15.0168
NS4,Cuboctahedron_Z,2,0.399046,10,100,0.599764,False,0.726891,1.82157,2.40467,6.02605,5.72814,14.3546
NS3_baseline,Cuboctahedron_Z,2,0.397823,10,100,0.481304,False,0.722036,1.81497,2.37639,5.97347,,
NS4,Cuboctahedron_Z,3,0.399456,15,225,0.599686,False,0.723779,1.81191,2.38359,5.96709,5.70351,14.2782
NS3_baseline,Cuboctahedron_Z,3,0.397826,15,225,0.524389,False,0.718861,1.80697,2.36211,5.93753,5.65018,14.2026
NS4,Cuboctahedron_Z,4,0.39966,20,400,0.60049,False,0.723012,1.80907,2.38112,5.95786,5.68085,14.2142
NS3_baseline,Cuboctahedron_Z,4,0.397826,20,400,0.599615,False,0.71717,1.80272,2.35754,5.92606,5.62807,14.147
NS4,Cuboctahedron_Z,5,0.399781,25,625,0.598844,False,0.722162,1.80639,2.37828,5.94895,5.67442,14.1938
NS4,Diamond,1,0.113973,5,25,0.60021,False,0.112462,0.986746,0.289539,2.54042,0.50259,4.40974
NS3_baseline,Diamond,1,0.113973,5,25,0.598246,False,0.0973978,0.85457,0.228112,2.00146,0.390342,3.42487
NS4,Diamond,2,0.165409,10,100,0.600342,False,0.168935,1.02132,0.538323,3.2545,1.14933,6.94841
NS3_baseline,Diamond,2,0.165338,10,100,0.599551,False,0.16632,1.00594,0.517954,3.1327,1.08381,6.55514
NS4,Diamond,3,0.181311,15,225,0.599939,False,0.202413,1.11639,0.644891,3.55683,1.41906,7.82667
NS3_baseline,Diamond,3,0.18127,15,225,0.596728,False,0.201721,1.11282,0.631836,3.48561,1.37052,7.56066
NS4,Diamond,4,0.189094,20,400,0.600255,False,0.219168,1.15904,0.699502,3.69923,1.53149,8.09912
NS3_baseline,Diamond,4,0.189067,20,400,0.600135,False,0.218324,1.15474,0.69885,3.6963,1.5305,8.09499
NS4,Diamond,5,0.193718,25,625,0.599648,False,0.228552,1.17982,0.72907,3.76356,1.60009,8.25991
NS3_baseline,Diamond,5,0.1937,25,625,0.60158,False,0.227832,1.17621,0.728199,3.75941,1.60051,8.26281
NS4,DiamondPlus,1,0.274762,5,25,0.599908,False,0.374126,1.36164,1.24719,4.53917,3.06291,11.1475
NS3_baseline,DiamondPlus,1,0.183814,5,25,0.598268,False,0.184907,1.00595,0.547473,2.97841,1.02151,5.55733
NS4,DiamondPlus,2,0.323901,10,100,0.600519,False,0.426116,1.31557,1.44245,4.45337,3.67704,11.3524
NS3_baseline,DiamondPlus,2,0.234666,10,100,0.599131,False,0.26395,1.12479,0.866216,3.69127,2.02298,8.62067
NS4,DiamondPlus,3,0.339039,15,225,0.600725,False,0.456125,1.34535,1.53577,4.52978,3.87876,11.4405
NS3_baseline,DiamondPlus,3,0.250427,15,225,0.602376,False,0.30264,1.2085,0.988499,3.94725,2.26094,9.02832
NS4,DiamondPlus,4,0.346438,20,400,0.57275,False,0.472036,1.36254,1.58385,4.57181,3.97321,11.4687
NS3_baseline,DiamondPlus,4,0.258141,20,400,0.600445,False,0.324955,1.25883,1.06406,4.12202,2.4647,9.54787
NS3_baseline,DiamondPlus,5,0.262724,25,625,0.599764,False,0.336505,1.28083,1.10334,4.19963,2.54091,9.67142
NS4,FBCCXYZ,1,0.407907,5,25,0.599928,False,0.63506,1.55687,1.97809,4.84935,5.28154,12.9479
NS3_baseline,FBCCXYZ,1,0.407907,5,25,0.599998,False,0.609967,1.49536,1.8152,4.45003,4.87164,11.943
NS4,FBCCXYZ,2,0.407908,10,100,0.600295,False,0.635939,1.55902,2.06776,5.06919,5.79784,14.2136
NS3_baseline,FBCCXYZ,2,0.407908,10,100,0.596898,False,0.619576,1.51891,1.95883,4.80213,5.56948,13.6538
NS4,FBCCXYZ,3,0.407909,15,225,0.600262,False,0.633925,1.55409,2.09566,5.13758,5.91735,14.5066
NS3_baseline,FBCCXYZ,3,0.407909,15,225,0.600791,False,0.619733,1.51929,2.0054,4.9163,5.7296,14.0463
NS4,FBCCXYZ,4,0.407909,20,400,0.60016,False,0.631894,1.54911,2.10118,5.1511,5.9599,14.6109
NS3_baseline,FBCCXYZ,4,0.407909,20,400,0.59945,False,0.631949,1.54924,2.10109,5.15087,5.99314,14.6924
NS4,FBCCXYZ,5,0.407909,25,625,0.5932,False,0.630803,1.54643,2.10256,5.15449,5.99093,14.6869
NS4,FBCCZ,1,0.267205,5,25,0.600056,False,0.345834,1.29426,1.13885,4.26209,2.38157,8.9129
NS3_baseline,FBCCZ,1,0.267205,5,25,0.600074,False,0.329919,1.2347,1.04138,3.89732,2.12303,7.94533
NS4,FBCCZ,2,0.267208,10,100,0.599682,False,0.235853,0.882656,0.767735,2.87317,1.93809,7.2531
NS3_baseline,FBCCZ,2,0.267208,10,100,0.602234,False,0.225839,0.845179,0.717703,2.68593,1.79962,6.73491
NS3_baseline,FBCCZ,3,0.26721,15,225,0.600871,False,0.223626,0.836893,0.731392,2.73714,1.82794,6.84084
NS3_baseline,FBCCZ,4,0.26721,20,400,0.55568,False,0.218097,0.816202,0.714608,2.67433,1.79298,6.71001
NS3_baseline,FBCCZ,5,0.267211,25,625,0.574732,False,0.215132,0.8051,0.712082,2.66486,1.77324,6.6361
NS4,FCC,1,0.147187,5,25,0.599918,False,0.253034,1.71913,0.668888,4.54447,1.24754,8.47588
NS4,FCC,2,0.147187,10,100,0.599852,False,0.174424,1.18505,0.526449,3.57674,1.24817,8.4802
NS3_baseline,FCC,2,0.146444,10,100,0.599225,False,0.169913,1.16026,0.497337,3.39609,1.17078,7.99472
NS2_orig6,FCC,2,0.146444,10,100,0.599225,False,0.169913,1.16026,0.497337,3.39609,1.17078,7.99472
NS4,FCC,3,0.147187,15,225,0.600616,False,0.165114,1.1218,0.491892,3.34195,1.13843,7.73455
NS3_baseline,FCC,3,0.146444,15,225,0.601205,False,0.159225,1.08728,0.462852,3.16061,1.07562,7.34493
NS2_orig6,FCC,3,0.146444,15,225,0.601205,False,0.159225,1.08728,0.462852,3.16061,1.07562,7.34493
NS4,FCC,4,0.147186,20,400,0.59909,False,0.158623,1.0777,0.473921,3.21988,1.13348,7.70098
NS3_baseline,FCC,4,0.146443,20,400,0.600335,False,0.152355,1.04037,0.449039,3.06631,1.08313,7.39625
NS2_orig6,FCC,4,0.146443,20,400,0.600335,False,0.152355,1.04037,0.449039,3.06631,1.08313,7.39625
NS4,FCC,5,0.147186,25,625,0.598624,False,0.155314,1.05522,0.475095,3.22786,1.12329,7.63178
NS3_baseline,FCC,5,0.146445,25,625,0.598884,False,0.149903,1.02362,0.455083,3.10754,1.08267,7.39303
NS2_orig6,FCC,5,0.146445,25,625,0.598884,False,0.149903,1.02362,0.455083,3.10754,1.08267,7.39303
NS4,FCCZ,1,0.166375,5,25,0.60002,True,0.361724,2.17415,0.991046,5.9567,1.90479,11.4488
NS4,FCCZ,2,0.166375,10,100,0.600634,True,0.307844,1.8503,0.919106,5.5243,1.95676,11.7611
NS3_baseline,FCCZ,2,0.165631,10,100,0.600379,True,0.300868,1.8165,0.882553,5.32843,1.86923,11.2855
NS2_orig6,FCCZ,2,0.165631,10,100,0.600379,True,0.300868,1.8165,0.882553,5.32843,1.86923,11.2855
NS4,FCCZ,3,0.166375,15,225,0.600907,True,0.30136,1.81132,0.860994,5.17501,1.75766,10.5644
NS3_baseline,FCCZ,3,0.165632,15,225,0.600221,True,0.303437,1.832,0.800772,4.83465,1.47836,8.92558
NS2_orig6,FCCZ,3,0.165632,15,225,0.328553,True,0.292149,1.76385,0.807431,4.87485,,
NS4,FCCZ,4,0.166375,20,400,0.60117,True,0.295801,1.77792,0.853701,5.1312,1.7923,10.7727
NS3_baseline,FCCZ,4,0.165632,20,400,0.60052,True,0.298209,1.80044,0.793344,4.78981,1.38232,8.34578
NS2_orig6,FCCZ,4,0.165632,20,400,0.455327,True,0.286735,1.73116,0.813421,4.91102,,
NS4,FCCZ,5,0.166375,25,625,0.599548,True,0.294091,1.76764,0.853875,5.13224,1.8385,11.0504
NS2_orig6,FCCZ,5,0.165632,25,625,0.523876,True,0.285896,1.72609,0.819861,4.9499,1.77705,10.7289
NS4,G7,1,0.221314,5,25,0.600238,True,0.205896,0.930335,0.698253,3.15504,1.46366,6.61349
NS3_baseline,G7,1,0.221314,5,25,0.600076,True,0.20082,0.907401,0.67707,3.05932,1.40133,6.33186
NS4,G7,2,0.221313,10,100,0.600249,True,0.157281,0.710672,0.516427,2.33347,1.24269,5.61505
NS3_baseline,G7,2,0.221313,10,100,0.600653,True,0.152487,0.689008,0.49363,2.23046,1.16824,5.27868
NS4,G7,3,0.221313,15,225,0.599673,True,0.147992,0.6687,0.495643,2.23956,1.15407,5.21464
NS3_baseline,G7,3,0.221313,15,225,0.598725,True,0.143257,0.647306,0.474016,2.14183,1.10118,4.97566
NS4,G7,4,0.221313,20,400,0.599165,True,0.144089,0.651066,0.483916,2.18657,1.11737,5.04885
NS3_baseline,G7,4,0.221313,20,400,0.600625,True,0.144149,0.651338,0.484063,2.18724,1.11908,5.05655
NS4,G7,5,0.221312,25,625,0.599684,True,0.142258,0.642794,0.47962,2.16716,1.0972,4.95772
NS3_baseline,G7,5,0.221312,25,625,0.600184,True,0.142271,0.642851,0.479195,2.16524,1.09807,4.96165
NS4,Iso_truss,1,0.307013,5,25,0.59998,False,0.483384,1.57447,1.56616,5.1013,3.87296,12.615
NS3_baseline,Iso_truss,1,0.307013,5,25,0.599934,False,0.483152,1.57372,1.56588,5.10038,3.87864,12.6335
NS4,Iso_truss,2,0.310681,10,100,0.59979,False,0.461116,1.48421,1.51443,4.87455,3.74384,12.0505
NS3_baseline,Iso_truss,2,0.307013,10,100,0.59964,False,0.455492,1.48362,1.47983,4.82007,3.68486,12.0023
NS4,Iso_truss,3,0.311903,15,225,0.494022,False,0.461659,1.48014,1.53989,4.9371,,
NS3_baseline,Iso_truss,3,0.311903,15,225,0.47267,False,0.460348,1.47594,1.54003,4.93752,,
NS4,Iso_truss,4,0.312513,20,400,0.481764,False,0.463027,1.48162,1.54863,4.9554,,
NS3_baseline,Iso_truss,4,0.307013,20,400,0.50966,False,0.45729,1.48948,1.51892,4.94742,3.73134,12.1537
NS4,Iso_truss,5,0.31288,25,625,0.531468,False,0.464107,1.48334,1.55685,4.97586,3.853,12.3146
NS3_baseline,Iso_truss,5,0.307013,25,625,0.454248,False,0.458559,1.49361,1.52875,4.97943,,
NS4,Kelvin,1,0.208456,5,25,0.599876,False,0.161803,0.776198,0.553744,2.6564,1.22846,5.89315
NS4,Kelvin,2,0.208456,10,100,0.600356,False,0.202713,0.972454,0.673755,3.23213,1.5098,7.2428
NS3_baseline,Kelvin,2,0.206646,10,100,0.599431,False,0.192299,0.930573,0.626734,3.03289,1.38377,6.69632
NS2_orig6,Kelvin,2,0.206646,10,100,0.599431,False,0.192299,0.930573,0.626734,3.03289,1.38377,6.69632
NS4,Kelvin,3,0.208455,15,225,0.599479,False,0.21739,1.04287,0.714875,3.4294,1.61428,7.74402
NS3_baseline,Kelvin,3,0.206649,15,225,0.600639,False,0.208953,1.01115,0.675353,3.26812,1.50107,7.26387
NS2_orig6,Kelvin,3,0.206649,15,225,0.600639,False,0.208953,1.01115,0.675353,3.26812,1.50107,7.26387
NS4,Kelvin,4,0.208456,20,400,0.599225,False,0.224772,1.07827,0.733016,3.51641,1.6706,8.0142
NS3_baseline,Kelvin,4,0.206649,20,400,0.60313,False,0.216957,1.04988,0.696912,3.37244,1.56721,7.5839
NS2_orig6,Kelvin,4,0.206649,20,400,0.60313,False,0.216957,1.04988,0.696912,3.37244,1.56721,7.5839
NS4,Kelvin,5,0.208456,25,625,0.600376,False,0.229455,1.10074,0.74708,3.58388,1.70723,8.18989
NS3_baseline,Kelvin,5,0.20665,25,625,0.600972,False,0.221958,1.07408,0.712239,3.4466,1.61115,7.79649
NS2_orig6,Kelvin,5,0.20665,25,625,0.600972,False,0.221958,1.07408,0.712239,3.4466,1.61115,7.79649
NS4,Octahedron,1,0.204758,5,25,0.600024,False,0.262301,1.28103,0.885186,4.32307,1.93864,9.46794
NS3_baseline,Octahedron,1,0.204754,5,25,0.599102,False,0.260506,1.27229,0.875581,4.27626,1.90169,9.28771
NS4,Octahedron,2,0.204759,10,100,0.599713,False,0.264008,1.28936,0.882495,4.30993,1.94006,9.47487
NS3_baseline,Octahedron,2,0.204755,10,100,0.601208,False,0.261783,1.27852,0.871576,4.25669,1.91209,9.33845
NS4,Octahedron,3,0.20476,15,225,0.598859,False,0.266258,1.30034,0.875953,4.27795,1.95717,9.55838
NS3_baseline,Octahedron,3,0.204752,15,225,0.600347,False,0.264014,1.28943,0.864553,4.22243,1.93027,9.42735
NS4,Octahedron,4,0.20476,20,400,0.59965,False,0.267464,1.30623,0.876971,4.28292,1.95616,9.55342
NS3_baseline,Octahedron,4,0.204756,20,400,0.599295,False,0.262137,1.28024,0.865898,4.22892,1.9408,9.47861
NS4,Octahedron,5,0.204759,25,625,0.599696,False,0.268068,1.30918,0.875158,4.27408,1.95587,9.55206
NS4,Octet_truss,1,0.378636,5,25,0.59986,False,0.596292,1.57484,1.95504,5.16338,4.2967,11.3478
NS4,Octet_truss,2,0.378638,10,100,0.600059,False,0.588085,1.55316,1.91566,5.05934,4.34704,11.4807
NS3_baseline,Octet_truss,2,0.378638,10,100,0.599746,False,0.579152,1.52957,1.88073,4.9671,4.24236,11.2043
NS2_orig6,Octet_truss,2,0.378638,10,100,0.599746,False,0.579152,1.52957,1.88073,4.9671,4.24236,11.2043
NS4,Octet_truss,3,0.378638,15,225,0.599021,False,0.583354,1.54066,1.88894,4.98877,4.30715,11.3754
NS3_baseline,Octet_truss,3,0.378638,15,225,0.600223,False,0.575538,1.52002,1.8604,4.91339,4.2245,11.1571
NS2_orig6,Octet_truss,3,0.378638,15,225,0.600223,False,0.575538,1.52002,1.8604,4.91339,4.2245,11.1571
NS4,Octet_truss,4,0.37864,20,400,0.599415,False,0.581669,1.53621,1.88123,4.96839,4.283,11.3115
NS3_baseline,Octet_truss,4,0.37864,20,400,0.59931,False,0.573292,1.51408,1.84903,4.88335,4.19801,11.0871
NS2_orig6,Octet_truss,4,0.37864,20,400,0.59931,False,0.573292,1.51408,1.84903,4.88335,4.19801,11.0871
NS4,Octet_truss,5,0.378641,25,625,0.599204,False,0.580646,1.5335,1.87591,4.95433,4.27272,11.2844
NS3_baseline,Octet_truss,5,0.378641,25,625,0.5997,False,0.572283,1.51141,1.84433,4.87093,4.18844,11.0618
NS2_orig6,Octet_truss,5,0.378641,25,625,0.5997,False,0.572283,1.51141,1.84433,4.87093,4.18844,11.0618
NS3_baseline,Rhombic,1,0.35041,5,25,0.601382,False,0.48438,1.38232,1.49169,4.25699,4.1073,11.7214
NS4,Rhombic,2,0.351524,10,100,0.600417,False,0.45559,1.29604,1.49485,4.25249,4.08038,11.6077
NS3_baseline,Rhombic,2,0.35041,10,100,0.598753,False,0.44316,1.26469,1.42356,4.06256,3.85136,10.991
NS4,Rhombic,3,0.351524,15,225,0.60074,False,0.444517,1.26454,1.46082,4.15569,3.9458,11.2248
NS3_baseline,Rhombic,3,0.350408,15,225,0.598183,False,0.441934,1.2612,1.45368,4.14853,3.92405,11.1985
NS4,Rhombic,4,0.351524,20,400,0.598965,False,0.439334,1.2498,1.43765,4.08977,3.90583,11.1112
NS3_baseline,Rhombic,4,0.350408,20,400,0.600105,False,0.436805,1.24656,1.42983,4.08047,3.87939,11.0711
NS4,Rhombic,5,0.351523,25,625,0.600732,False,0.436272,1.24109,1.42954,4.0667,3.88664,11.0566
NS4,Tetrahedron_base,1,0.303128,5,25,0.600178,False,0.383952,1.26663,1.18839,3.92043,2.7599,9.10475
NS3_baseline,Tetrahedron_base,1,0.303128,5,25,0.600264,False,0.365313,1.20514,1.09353,3.60749,2.55782,8.43809
NS4,Tetrahedron_base,2,0.327989,10,100,0.599045,False,0.437831,1.3349,1.42392,4.34137,3.80752,11.6087
NS3_baseline,Tetrahedron_base,2,0.327989,10,100,0.601184,False,0.424295,1.29362,1.35187,4.12169,3.66805,11.1835
NS4,Tetrahedron_base,3,0.336276,15,225,0.599529,False,0.45326,1.34788,1.49123,4.43453,4.08047,12.1343
NS3_baseline,Tetrahedron_base,3,0.336276,15,225,0.599936,False,0.453356,1.34817,1.48984,4.43042,4.10966,12.2211
NS4,Tetrahedron_base,4,0.34042,20,400,0.60011,False,0.460089,1.35153,1.52068,4.46709,4.25431,12.4973
NS3_baseline,Tetrahedron_base,4,0.34042,20,400,0.599885,False,0.460069,1.35148,1.51985,4.46464,4.25561,12.5011
NS4,Tetrahedron_base,5,0.342905,25,625,0.600296,False,0.464081,1.35338,1.53745,4.4836,4.31045,12.5704
NS4,Truncated_cube,1,0.133109,5,25,0.600104,True,0.128737,0.967158,0.375925,2.82419,0.787921,5.91937
NS3_baseline,Truncated_cube,1,0.131438,5,25,0.600298,True,0.120511,0.916872,0.354387,2.69624,0.697892,5.30969
NS4,Truncated_cube,2,0.133109,10,100,0.600078,True,0.150505,1.13069,0.417578,3.1371,0.736341,5.53185
NS3_baseline,Truncated_cube,2,0.131439,10,100,0.599517,True,0.130113,0.989914,0.314785,2.39492,0.572138,4.35289
NS4,Truncated_cube,3,0.133108,15,225,0.599379,True,0.158964,1.19425,0.433703,3.25827,0.798258,5.99705
NS3_baseline,Truncated_cube,3,0.131439,15,225,0.600091,True,0.150417,1.14439,0.393397,2.99299,0.793126,6.03416
NS4,Truncated_cube,4,0.133108,20,400,0.60046,True,0.161314,1.21191,0.413284,3.10489,0.757427,5.69034
NS3_baseline,Truncated_cube,4,0.131437,20,400,0.190452,True,0.153036,1.16433,,,,
NS4,Truncated_cube,5,0.133108,25,625,0.59956,True,0.163841,1.23088,0.457527,3.43725,0.803766,6.03844
NS3_baseline,Truncated_cube,5,0.13144,25,625,0.165029,True,0.156695,1.19214,,,,
NS4,Truncated_Octoctahedron,1,0.304196,5,25,0.600186,False,0.31155,1.02418,1.04482,3.43468,2.39544,7.87468
NS3_baseline,Truncated_Octoctahedron,1,0.298662,5,25,0.599718,False,0.284853,0.953766,0.948389,3.17546,2.17511,7.28285
NS4,Truncated_Octoctahedron,2,0.304195,10,100,0.600295,False,0.36273,1.19242,1.22517,4.02756,3.04784,10.0194
NS3_baseline,Truncated_Octoctahedron,2,0.298662,10,100,0.601537,False,0.335936,1.1248,1.12458,3.76538,2.81678,9.43131
NS4,Truncated_Octoctahedron,3,0.304195,15,225,0.599884,False,0.382323,1.25683,1.29041,4.24204,3.19039,10.488
NS3_baseline,Truncated_Octoctahedron,3,0.298663,15,225,0.599513,False,0.36537,1.22335,1.23082,4.12111,3.05789,10.2386
NS4,Truncated_Octoctahedron,4,0.304194,20,400,0.59998,False,0.391454,1.28686,1.31739,4.33076,3.25133,10.6884
NS3_baseline,Truncated_Octoctahedron,4,0.298662,20,400,0.600205,False,0.374253,1.2531,1.25594,4.20522,3.10778,10.4057
NS4,Truncated_Octoctahedron,5,0.304196,25,625,0.485604,False,0.397016,1.30514,1.33573,4.39102,,
NS4,WeairePhelan,1,0.452465,5,25,0.600184,False,0.974513,2.15379,3.33675,7.37461,8.38848,18.5395
NS3_baseline,WeairePhelan,1,0.440975,5,25,0.600244,False,0.845677,1.91774,2.96276,6.71866,7.53549,17.0882
NS4,WeairePhelan,2,0.452461,10,100,0.599226,False,0.993461,2.19568,3.42946,7.57957,8.71657,19.2648
NS3_baseline,WeairePhelan,2,0.440975,10,100,0.599996,False,0.881015,1.99788,3.19412,7.24332,8.25875,18.7284
NS4,WeairePhelan,3,0.452463,15,225,0.409721,False,1.00026,2.21071,3.45728,7.64102,,
NS3_baseline,WeairePhelan,3,0.440975,15,225,0.599621,False,0.887028,2.01152,3.22228,7.30716,8.31446,18.8547
NS4,WeairePhelan,4,0.452463,20,400,0.338852,False,1.00237,2.21537,3.46548,7.65914,,
NS3_baseline,WeairePhelan,4,0.440975,20,400,0.5749,False,0.890683,2.0198,3.23513,7.33632,8.31743,18.8615
NS4,WeairePhelan,5,0.452463,25,625,0.394187,False,1.004,2.21896,3.47455,7.67919,,
